Form,URL,Status
8-K,https://www.sec.gov/Archives/edgar/data/731766/000073176624000334/,Failed (429)
4,https://www.sec.gov/Archives/edgar/data/731766/000073176624000331/,Failed (429)
4,https://www.sec.gov/Archives/edgar/data/731766/000073176624000325/,Failed (429)
8-K,https://www.sec.gov/Archives/edgar/data/731766/000073176624000338/,Failed (429)
4,https://www.sec.gov/Archives/edgar/data/731766/000073176624000329/,Failed (429)
8-K,https://www.sec.gov/Archives/edgar/data/731766/000073176624000340/,Failed (429)
4,https://www.sec.gov/Archives/edgar/data/731766/000073176624000316/,Failed (429)
4,https://www.sec.gov/Archives/edgar/data/731766/000073176624000328/,Failed (429)
8-K,https://www.sec.gov/Archives/edgar/data/731766/000073176624000320/,Failed (429)
4,https://www.sec.gov/Archives/edgar/data/731766/000073176624000315/,Failed (429)
4,https://www.sec.gov/Archives/edgar/data/731766/000073176624000311/,Failed (429)
4,https://www.sec.gov/Archives/edgar/data/731766/000073176624000312/,Failed (429)
4,https://www.sec.gov/Archives/edgar/data/731766/000073176624000314/,Failed (429)
4,https://www.sec.gov/Archives/edgar/data/731766/000073176624000313/,Failed (429)
4,https://www.sec.gov/Archives/edgar/data/731766/000073176624000309/,Failed (429)
4,https://www.sec.gov/Archives/edgar/data/731766/000073176624000297/,Failed (429)
4,https://www.sec.gov/Archives/edgar/data/731766/000073176624000298/,Failed (429)
4,https://www.sec.gov/Archives/edgar/data/731766/000073176624000310/,Failed (429)
4,https://www.sec.gov/Archives/edgar/data/731766/000073176624000308/,Failed (429)
4,https://www.sec.gov/Archives/edgar/data/731766/000073176624000296/,Failed (429)
4,https://www.sec.gov/Archives/edgar/data/731766/000073176624000295/,Failed (429)
4,https://www.sec.gov/Archives/edgar/data/731766/000073176624000294/,Failed (429)
4,https://www.sec.gov/Archives/edgar/data/731766/000073176624000293/,Failed (429)
4,https://www.sec.gov/Archives/edgar/data/731766/000073176624000290/,Failed (429)
4,https://www.sec.gov/Archives/edgar/data/731766/000073176624000291/,Failed (429)
4,https://www.sec.gov/Archives/edgar/data/731766/000073176624000292/,Failed (429)
4,https://www.sec.gov/Archives/edgar/data/731766/000073176624000289/,Failed (429)
4,https://www.sec.gov/Archives/edgar/data/731766/000073176624000288/,Failed (429)
4,https://www.sec.gov/Archives/edgar/data/731766/000073176624000286/,Failed (429)
4,https://www.sec.gov/Archives/edgar/data/731766/000073176624000287/,Failed (429)
4,https://www.sec.gov/Archives/edgar/data/731766/000073176624000285/,Failed (429)
4,https://www.sec.gov/Archives/edgar/data/731766/000073176624000284/,Failed (429)
4,https://www.sec.gov/Archives/edgar/data/731766/000073176624000283/,Failed (429)
8-K,https://www.sec.gov/Archives/edgar/data/731766/000073176624000255/,Failed (429)
4,https://www.sec.gov/Archives/edgar/data/731766/000073176624000264/,Failed (429)
4,https://www.sec.gov/Archives/edgar/data/731766/000073176624000266/,Failed (429)
4,https://www.sec.gov/Archives/edgar/data/731766/000073176624000248/,Failed (429)
8-K,https://www.sec.gov/Archives/edgar/data/731766/000073176624000242/,Failed (429)
4,https://www.sec.gov/Archives/edgar/data/731766/000073176624000247/,Failed (429)
4,https://www.sec.gov/Archives/edgar/data/731766/000073176624000246/,Failed (429)
4,https://www.sec.gov/Archives/edgar/data/731766/000073176624000238/,Failed (429)
4,https://www.sec.gov/Archives/edgar/data/731766/000073176624000237/,Failed (429)
4,https://www.sec.gov/Archives/edgar/data/731766/000073176624000236/,Failed (429)
4,https://www.sec.gov/Archives/edgar/data/731766/000073176624000235/,Failed (429)
4,https://www.sec.gov/Archives/edgar/data/731766/000073176624000233/,Failed (429)
4,https://www.sec.gov/Archives/edgar/data/731766/000073176624000232/,Failed (429)
4,https://www.sec.gov/Archives/edgar/data/731766/000073176624000234/,Failed (429)
4,https://www.sec.gov/Archives/edgar/data/731766/000073176624000231/,Failed (429)
4,https://www.sec.gov/Archives/edgar/data/731766/000073176624000219/,Failed (429)
4,https://www.sec.gov/Archives/edgar/data/731766/000073176624000230/,Failed (429)
4,https://www.sec.gov/Archives/edgar/data/731766/000073176624000220/,Failed (429)
4,https://www.sec.gov/Archives/edgar/data/731766/000073176624000218/,Failed (429)
4,https://www.sec.gov/Archives/edgar/data/731766/000073176624000216/,Failed (429)
4,https://www.sec.gov/Archives/edgar/data/731766/000073176624000215/,Failed (429)
4,https://www.sec.gov/Archives/edgar/data/731766/000073176624000217/,Failed (429)
4,https://www.sec.gov/Archives/edgar/data/731766/000073176624000214/,Failed (429)
4,https://www.sec.gov/Archives/edgar/data/731766/000073176624000212/,Failed (429)
4,https://www.sec.gov/Archives/edgar/data/731766/000073176624000213/,Failed (429)
4,https://www.sec.gov/Archives/edgar/data/731766/000073176624000211/,Failed (429)
4,https://www.sec.gov/Archives/edgar/data/731766/000073176624000209/,Failed (429)
4,https://www.sec.gov/Archives/edgar/data/731766/000073176624000210/,Failed (429)
4,https://www.sec.gov/Archives/edgar/data/731766/000073176624000208/,Failed (429)
4,https://www.sec.gov/Archives/edgar/data/731766/000073176624000206/,Failed (429)
4,https://www.sec.gov/Archives/edgar/data/731766/000073176624000207/,Failed (429)
3,https://www.sec.gov/Archives/edgar/data/731766/000073176624000186/,Failed (429)
4,https://www.sec.gov/Archives/edgar/data/731766/000073176624000205/,Failed (429)
4,https://www.sec.gov/Archives/edgar/data/731766/000073176624000188/,Failed (429)
4,https://www.sec.gov/Archives/edgar/data/731766/000073176624000173/,Failed (429)
4,https://www.sec.gov/Archives/edgar/data/731766/000073176624000177/,Failed (429)
4,https://www.sec.gov/Archives/edgar/data/731766/000073176624000171/,Failed (429)
4,https://www.sec.gov/Archives/edgar/data/731766/000073176624000175/,Failed (429)
4,https://www.sec.gov/Archives/edgar/data/731766/000073176624000169/,Failed (429)
8-K,https://www.sec.gov/Archives/edgar/data/731766/000073176624000167/,Failed (429)
4,https://www.sec.gov/Archives/edgar/data/731766/000073176624000165/,Failed (429)
8-K,https://www.sec.gov/Archives/edgar/data/731766/000073176624000159/,Failed (429)
8-K,https://www.sec.gov/Archives/edgar/data/731766/000073176624000161/,Failed (429)
4,https://www.sec.gov/Archives/edgar/data/731766/000073176624000164/,Failed (429)
8-K,https://www.sec.gov/Archives/edgar/data/731766/000073176624000157/,Failed (429)
4,https://www.sec.gov/Archives/edgar/data/731766/000073176624000142/,Failed (429)
4,https://www.sec.gov/Archives/edgar/data/731766/000073176624000141/,Failed (429)
8-K,https://www.sec.gov/Archives/edgar/data/731766/000073176624000146/,Failed (429)
3,https://www.sec.gov/Archives/edgar/data/731766/000073176624000140/,Failed (429)
4,https://www.sec.gov/Archives/edgar/data/731766/000073176624000139/,Failed (429)
4,https://www.sec.gov/Archives/edgar/data/731766/000073176624000138/,Failed (429)
4,https://www.sec.gov/Archives/edgar/data/731766/000073176624000137/,Failed (429)
4,https://www.sec.gov/Archives/edgar/data/731766/000073176624000135/,Failed (429)
4,https://www.sec.gov/Archives/edgar/data/731766/000073176624000136/,Failed (429)
4,https://www.sec.gov/Archives/edgar/data/731766/000073176624000133/,Failed (429)
4,https://www.sec.gov/Archives/edgar/data/731766/000073176624000117/,Failed (429)
4,https://www.sec.gov/Archives/edgar/data/731766/000073176624000118/,Failed (429)
4,https://www.sec.gov/Archives/edgar/data/731766/000073176624000134/,Failed (429)
8-K,https://www.sec.gov/Archives/edgar/data/731766/000073176624000122/,Failed (429)
8-K,https://www.sec.gov/Archives/edgar/data/731766/000119312524073887/,Failed (429)
4,https://www.sec.gov/Archives/edgar/data/731766/000073176624000119/,Failed (429)
4,https://www.sec.gov/Archives/edgar/data/731766/000073176624000115/,Failed (429)
4,https://www.sec.gov/Archives/edgar/data/731766/000073176624000114/,Failed (429)
4,https://www.sec.gov/Archives/edgar/data/731766/000073176624000116/,Failed (429)
4,https://www.sec.gov/Archives/edgar/data/731766/000073176624000108/,Failed (429)
4,https://www.sec.gov/Archives/edgar/data/731766/000073176624000113/,Failed (429)
4,https://www.sec.gov/Archives/edgar/data/731766/000073176624000110/,Failed (429)
4,https://www.sec.gov/Archives/edgar/data/731766/000073176624000112/,Failed (429)
4,https://www.sec.gov/Archives/edgar/data/731766/000073176624000109/,Failed (429)
4,https://www.sec.gov/Archives/edgar/data/731766/000073176624000104/,Failed (429)
4,https://www.sec.gov/Archives/edgar/data/731766/000073176624000106/,Failed (429)
4,https://www.sec.gov/Archives/edgar/data/731766/000073176624000107/,Failed (429)
4,https://www.sec.gov/Archives/edgar/data/731766/000073176624000111/,Failed (429)
4,https://www.sec.gov/Archives/edgar/data/731766/000073176624000105/,Failed (429)
4,https://www.sec.gov/Archives/edgar/data/731766/000073176624000074/,Failed (429)
4,https://www.sec.gov/Archives/edgar/data/731766/000073176624000087/,Failed (429)
4,https://www.sec.gov/Archives/edgar/data/731766/000073176624000072/,Failed (429)
4,https://www.sec.gov/Archives/edgar/data/731766/000073176624000073/,Failed (429)
4,https://www.sec.gov/Archives/edgar/data/731766/000073176624000071/,Failed (429)
4,https://www.sec.gov/Archives/edgar/data/731766/000073176624000069/,Failed (429)
4,https://www.sec.gov/Archives/edgar/data/731766/000073176624000070/,Failed (429)
4,https://www.sec.gov/Archives/edgar/data/731766/000073176624000068/,Failed (429)
4,https://www.sec.gov/Archives/edgar/data/731766/000073176624000058/,Failed (429)
4,https://www.sec.gov/Archives/edgar/data/731766/000073176624000056/,Failed (429)
4,https://www.sec.gov/Archives/edgar/data/731766/000073176624000059/,Failed (429)
4,https://www.sec.gov/Archives/edgar/data/731766/000073176624000057/,Failed (429)
4,https://www.sec.gov/Archives/edgar/data/731766/000073176624000054/,Failed (429)
4,https://www.sec.gov/Archives/edgar/data/731766/000073176624000055/,Failed (429)
4,https://www.sec.gov/Archives/edgar/data/731766/000073176624000053/,Failed (429)
8-K,https://www.sec.gov/Archives/edgar/data/731766/000073176624000045/,Failed (429)
4,https://www.sec.gov/Archives/edgar/data/731766/000073176624000042/,Failed (429)
4,https://www.sec.gov/Archives/edgar/data/731766/000073176624000040/,Failed (429)
4,https://www.sec.gov/Archives/edgar/data/731766/000073176624000036/,Failed (429)
4,https://www.sec.gov/Archives/edgar/data/731766/000073176624000038/,Failed (429)
4,https://www.sec.gov/Archives/edgar/data/731766/000073176624000032/,Failed (429)
4,https://www.sec.gov/Archives/edgar/data/731766/000073176624000034/,Failed (429)
8-K,https://www.sec.gov/Archives/edgar/data/731766/000073176624000026/,Failed (429)
4,https://www.sec.gov/Archives/edgar/data/731766/000073176624000030/,Failed (429)
4,https://www.sec.gov/Archives/edgar/data/731766/000073176624000020/,Failed (429)
8-K,https://www.sec.gov/Archives/edgar/data/731766/000073176624000028/,Failed (429)
8-K,https://www.sec.gov/Archives/edgar/data/731766/000073176624000023/,Failed (429)
4,https://www.sec.gov/Archives/edgar/data/731766/000073176624000019/,Failed (429)
4,https://www.sec.gov/Archives/edgar/data/731766/000073176624000017/,Failed (429)
4,https://www.sec.gov/Archives/edgar/data/731766/000073176624000016/,Failed (429)
4,https://www.sec.gov/Archives/edgar/data/731766/000073176624000018/,Failed (429)
4,https://www.sec.gov/Archives/edgar/data/731766/000073176624000015/,Failed (429)
4,https://www.sec.gov/Archives/edgar/data/731766/000073176624000011/,Failed (429)
8-K,https://www.sec.gov/Archives/edgar/data/731766/000073176623000115/,Failed (429)
4,https://www.sec.gov/Archives/edgar/data/731766/000073176624000013/,Failed (429)
4,https://www.sec.gov/Archives/edgar/data/731766/000073176623000112/,Failed (429)
4,https://www.sec.gov/Archives/edgar/data/731766/000073176624000014/,Failed (429)
4,https://www.sec.gov/Archives/edgar/data/731766/000073176623000111/,Failed (429)
4,https://www.sec.gov/Archives/edgar/data/731766/000073176623000110/,Failed (429)
4,https://www.sec.gov/Archives/edgar/data/731766/000073176623000109/,Failed (429)
4,https://www.sec.gov/Archives/edgar/data/731766/000073176623000106/,Failed (429)
4,https://www.sec.gov/Archives/edgar/data/731766/000073176623000108/,Failed (429)
4,https://www.sec.gov/Archives/edgar/data/731766/000073176623000107/,Failed (429)
4,https://www.sec.gov/Archives/edgar/data/731766/000073176623000103/,Failed (429)
4,https://www.sec.gov/Archives/edgar/data/731766/000073176623000105/,Failed (429)
4,https://www.sec.gov/Archives/edgar/data/731766/000073176623000104/,Failed (429)
4,https://www.sec.gov/Archives/edgar/data/731766/000073176623000101/,Failed (429)
4,https://www.sec.gov/Archives/edgar/data/731766/000073176623000100/,Failed (429)
4,https://www.sec.gov/Archives/edgar/data/731766/000073176623000082/,Failed (429)
4,https://www.sec.gov/Archives/edgar/data/731766/000073176623000102/,Failed (429)
4,https://www.sec.gov/Archives/edgar/data/731766/000073176623000098/,Failed (429)
8-K,https://www.sec.gov/Archives/edgar/data/731766/000073176623000080/,Failed (429)
4,https://www.sec.gov/Archives/edgar/data/731766/000073176623000077/,Failed (429)
4,https://www.sec.gov/Archives/edgar/data/731766/000073176623000099/,Failed (429)
8-K,https://www.sec.gov/Archives/edgar/data/731766/000073176623000075/,Failed (429)
4,https://www.sec.gov/Archives/edgar/data/731766/000073176623000070/,Failed (429)
3,https://www.sec.gov/Archives/edgar/data/731766/000073176623000068/,Failed (429)
4,https://www.sec.gov/Archives/edgar/data/731766/000120919123053214/,Failed (429)
4,https://www.sec.gov/Archives/edgar/data/731766/000073176623000066/,Failed (429)
8-K,https://www.sec.gov/Archives/edgar/data/731766/000073176623000061/,Failed (429)
4,https://www.sec.gov/Archives/edgar/data/731766/000120919123051919/,Failed (429)
4,https://www.sec.gov/Archives/edgar/data/731766/000120919123053109/,Failed (429)
4,https://www.sec.gov/Archives/edgar/data/731766/000120919123051922/,Failed (429)
4,https://www.sec.gov/Archives/edgar/data/731766/000120919123051917/,Failed (429)
4,https://www.sec.gov/Archives/edgar/data/731766/000120919123051915/,Failed (429)
8-K,https://www.sec.gov/Archives/edgar/data/731766/000073176623000058/,Failed (429)
4,https://www.sec.gov/Archives/edgar/data/731766/000120919123051912/,Failed (429)
4,https://www.sec.gov/Archives/edgar/data/731766/000120919123051901/,Failed (429)
4,https://www.sec.gov/Archives/edgar/data/731766/000120919123051904/,Failed (429)
4,https://www.sec.gov/Archives/edgar/data/731766/000120919123051907/,Failed (429)
4,https://www.sec.gov/Archives/edgar/data/731766/000120919123050312/,Failed (429)
4,https://www.sec.gov/Archives/edgar/data/731766/000120919123050278/,Failed (429)
4,https://www.sec.gov/Archives/edgar/data/731766/000120919123050280/,Failed (429)
4,https://www.sec.gov/Archives/edgar/data/731766/000120919123050276/,Failed (429)
4,https://www.sec.gov/Archives/edgar/data/731766/000120919123050279/,Failed (429)
4,https://www.sec.gov/Archives/edgar/data/731766/000120919123050270/,Failed (429)
4,https://www.sec.gov/Archives/edgar/data/731766/000120919123050271/,Failed (429)
4,https://www.sec.gov/Archives/edgar/data/731766/000120919123050269/,Failed (429)
4,https://www.sec.gov/Archives/edgar/data/731766/000120919123050275/,Failed (429)
4,https://www.sec.gov/Archives/edgar/data/731766/000120919123050277/,Failed (429)
4,https://www.sec.gov/Archives/edgar/data/731766/000120919123050272/,Failed (429)
4,https://www.sec.gov/Archives/edgar/data/731766/000120919123050267/,Failed (429)
4,https://www.sec.gov/Archives/edgar/data/731766/000120919123050268/,Failed (429)
4,https://www.sec.gov/Archives/edgar/data/731766/000120919123050266/,Failed (429)
4,https://www.sec.gov/Archives/edgar/data/731766/000120919123047853/,Failed (429)
4,https://www.sec.gov/Archives/edgar/data/731766/000120919123050265/,Failed (429)
4,https://www.sec.gov/Archives/edgar/data/731766/000120919123050264/,Failed (429)
4,https://www.sec.gov/Archives/edgar/data/731766/000120919123045822/,Failed (429)
4,https://www.sec.gov/Archives/edgar/data/731766/000120919123046068/,Failed (429)
4,https://www.sec.gov/Archives/edgar/data/731766/000120919123043077/,Failed (429)
4,https://www.sec.gov/Archives/edgar/data/731766/000120919123043078/,Failed (429)
8-K,https://www.sec.gov/Archives/edgar/data/731766/000073176623000049/,Failed (429)
4,https://www.sec.gov/Archives/edgar/data/731766/000120919123041621/,Failed (429)
4,https://www.sec.gov/Archives/edgar/data/731766/000120919123041623/,Failed (429)
4,https://www.sec.gov/Archives/edgar/data/731766/000120919123041620/,Failed (429)
4,https://www.sec.gov/Archives/edgar/data/731766/000120919123041609/,Failed (429)
4,https://www.sec.gov/Archives/edgar/data/731766/000120919123041615/,Failed (429)
4,https://www.sec.gov/Archives/edgar/data/731766/000120919123041613/,Failed (429)
4,https://www.sec.gov/Archives/edgar/data/731766/000120919123041618/,Failed (429)
4,https://www.sec.gov/Archives/edgar/data/731766/000120919123040229/,Failed (429)
4,https://www.sec.gov/Archives/edgar/data/731766/000120919123041619/,Failed (429)
4,https://www.sec.gov/Archives/edgar/data/731766/000120919123040226/,Failed (429)
4,https://www.sec.gov/Archives/edgar/data/731766/000120919123040223/,Failed (429)
4,https://www.sec.gov/Archives/edgar/data/731766/000120919123040225/,Failed (429)
4,https://www.sec.gov/Archives/edgar/data/731766/000120919123040228/,Failed (429)
4,https://www.sec.gov/Archives/edgar/data/731766/000120919123040216/,Failed (429)
4,https://www.sec.gov/Archives/edgar/data/731766/000120919123040221/,Failed (429)
4,https://www.sec.gov/Archives/edgar/data/731766/000120919123040220/,Failed (429)
4,https://www.sec.gov/Archives/edgar/data/731766/000120919123040212/,Failed (429)
4,https://www.sec.gov/Archives/edgar/data/731766/000120919123040217/,Failed (429)
4,https://www.sec.gov/Archives/edgar/data/731766/000120919123040215/,Failed (429)
4,https://www.sec.gov/Archives/edgar/data/731766/000120919123040211/,Failed (429)
4,https://www.sec.gov/Archives/edgar/data/731766/000120919123040209/,Failed (429)
4,https://www.sec.gov/Archives/edgar/data/731766/000120919123040207/,Failed (429)
4,https://www.sec.gov/Archives/edgar/data/731766/000120919123040210/,Failed (429)
4,https://www.sec.gov/Archives/edgar/data/731766/000120919123035407/,Failed (429)
4,https://www.sec.gov/Archives/edgar/data/731766/000120919123035410/,Failed (429)
8-K,https://www.sec.gov/Archives/edgar/data/731766/000073176623000044/,Failed (429)
4,https://www.sec.gov/Archives/edgar/data/731766/000120919123035089/,Failed (429)
8-K,https://www.sec.gov/Archives/edgar/data/731766/000073176623000042/,Failed (429)
8-K,https://www.sec.gov/Archives/edgar/data/731766/000073176623000031/,Failed (429)
4,https://www.sec.gov/Archives/edgar/data/731766/000120919123035088/,Failed (429)
4,https://www.sec.gov/Archives/edgar/data/731766/000120919123026294/,Failed (429)
8-K,https://www.sec.gov/Archives/edgar/data/731766/000119312523127633/,Failed (429)
4,https://www.sec.gov/Archives/edgar/data/731766/000120919123025620/,Failed (429)
8-K,https://www.sec.gov/Archives/edgar/data/731766/000119312523113025/,Failed (429)
8-K,https://www.sec.gov/Archives/edgar/data/731766/000073176623000026/,Failed (429)
4,https://www.sec.gov/Archives/edgar/data/731766/000120919123025227/,Failed (429)
4,https://www.sec.gov/Archives/edgar/data/731766/000120919123023300/,Failed (429)
4,https://www.sec.gov/Archives/edgar/data/731766/000120919123023298/,Failed (429)
4,https://www.sec.gov/Archives/edgar/data/731766/000120919123023289/,Failed (429)
4,https://www.sec.gov/Archives/edgar/data/731766/000120919123023294/,Failed (429)
4,https://www.sec.gov/Archives/edgar/data/731766/000120919123023279/,Failed (429)
4,https://www.sec.gov/Archives/edgar/data/731766/000120919123020822/,Failed (429)
4,https://www.sec.gov/Archives/edgar/data/731766/000120919123023269/,Failed (429)
4,https://www.sec.gov/Archives/edgar/data/731766/000120919123023272/,Failed (429)
8-K,https://www.sec.gov/Archives/edgar/data/731766/000119312523082238/,Failed (429)
4,https://www.sec.gov/Archives/edgar/data/731766/000120919123023283/,Failed (429)
4,https://www.sec.gov/Archives/edgar/data/731766/000120919123020824/,Failed (429)
4,https://www.sec.gov/Archives/edgar/data/731766/000120919123020820/,Failed (429)
4,https://www.sec.gov/Archives/edgar/data/731766/000120919123020821/,Failed (429)
4,https://www.sec.gov/Archives/edgar/data/731766/000120919123020818/,Failed (429)
4,https://www.sec.gov/Archives/edgar/data/731766/000120919123020817/,Failed (429)
4,https://www.sec.gov/Archives/edgar/data/731766/000120919123020814/,Failed (429)
4,https://www.sec.gov/Archives/edgar/data/731766/000120919123020811/,Failed (429)
4,https://www.sec.gov/Archives/edgar/data/731766/000120919123020812/,Failed (429)
4,https://www.sec.gov/Archives/edgar/data/731766/000120919123020813/,Failed (429)
4,https://www.sec.gov/Archives/edgar/data/731766/000120919123020809/,Failed (429)
4,https://www.sec.gov/Archives/edgar/data/731766/000120919123020810/,Failed (429)
4,https://www.sec.gov/Archives/edgar/data/731766/000120919123020806/,Failed (429)
4,https://www.sec.gov/Archives/edgar/data/731766/000120919123020808/,Failed (429)
4,https://www.sec.gov/Archives/edgar/data/731766/000120919123013407/,Failed (429)
4,https://www.sec.gov/Archives/edgar/data/731766/000120919123013408/,Failed (429)
4,https://www.sec.gov/Archives/edgar/data/731766/000120919123013404/,Failed (429)
4,https://www.sec.gov/Archives/edgar/data/731766/000120919123013406/,Failed (429)
4,https://www.sec.gov/Archives/edgar/data/731766/000120919123013402/,Failed (429)
4,https://www.sec.gov/Archives/edgar/data/731766/000120919123013405/,Failed (429)
4,https://www.sec.gov/Archives/edgar/data/731766/000120919123020807/,Failed (429)
4,https://www.sec.gov/Archives/edgar/data/731766/000120919123012153/,Failed (429)
4,https://www.sec.gov/Archives/edgar/data/731766/000120919123013403/,Failed (429)
4,https://www.sec.gov/Archives/edgar/data/731766/000120919123013400/,Failed (429)
4,https://www.sec.gov/Archives/edgar/data/731766/000120919123012152/,Failed (429)
4,https://www.sec.gov/Archives/edgar/data/731766/000120919123012150/,Failed (429)
4,https://www.sec.gov/Archives/edgar/data/731766/000120919123012149/,Failed (429)
4,https://www.sec.gov/Archives/edgar/data/731766/000120919123009870/,Failed (429)
4,https://www.sec.gov/Archives/edgar/data/731766/000120919123012148/,Failed (429)
4,https://www.sec.gov/Archives/edgar/data/731766/000120919123012145/,Failed (429)
4,https://www.sec.gov/Archives/edgar/data/731766/000120919123009871/,Failed (429)
4,https://www.sec.gov/Archives/edgar/data/731766/000120919123009868/,Failed (429)
4,https://www.sec.gov/Archives/edgar/data/731766/000120919123009869/,Failed (429)
4,https://www.sec.gov/Archives/edgar/data/731766/000120919123009867/,Failed (429)
8-K,https://www.sec.gov/Archives/edgar/data/731766/000073176623000003/,Failed (429)
4,https://www.sec.gov/Archives/edgar/data/731766/000120919123009866/,Failed (429)
4,https://www.sec.gov/Archives/edgar/data/731766/000120919123001840/,Failed (429)
4,https://www.sec.gov/Archives/edgar/data/731766/000120919123001842/,Failed (429)
4,https://www.sec.gov/Archives/edgar/data/731766/000120919123001821/,Failed (429)
4,https://www.sec.gov/Archives/edgar/data/731766/000120919123001836/,Failed (429)
4,https://www.sec.gov/Archives/edgar/data/731766/000120919123001847/,Failed (429)
4,https://www.sec.gov/Archives/edgar/data/731766/000120919123001806/,Failed (429)
4,https://www.sec.gov/Archives/edgar/data/731766/000120919123001811/,Failed (429)
4,https://www.sec.gov/Archives/edgar/data/731766/000120919123001802/,Failed (429)
4,https://www.sec.gov/Archives/edgar/data/731766/000120919123001797/,Failed (429)
4,https://www.sec.gov/Archives/edgar/data/731766/000120919122061465/,Failed (429)
4,https://www.sec.gov/Archives/edgar/data/731766/000120919122061464/,Failed (429)
4,https://www.sec.gov/Archives/edgar/data/731766/000120919122061460/,Failed (429)
4,https://www.sec.gov/Archives/edgar/data/731766/000120919122061463/,Failed (429)
4,https://www.sec.gov/Archives/edgar/data/731766/000120919122061459/,Failed (429)
4,https://www.sec.gov/Archives/edgar/data/731766/000120919122061457/,Failed (429)
4,https://www.sec.gov/Archives/edgar/data/731766/000120919122061456/,Failed (429)
4,https://www.sec.gov/Archives/edgar/data/731766/000120919122061454/,Failed (429)
4,https://www.sec.gov/Archives/edgar/data/731766/000120919122061452/,Failed (429)
4,https://www.sec.gov/Archives/edgar/data/731766/000120919122061453/,Failed (429)
4,https://www.sec.gov/Archives/edgar/data/731766/000120919122061448/,Failed (429)
4,https://www.sec.gov/Archives/edgar/data/731766/000120919122061451/,Failed (429)
3,https://www.sec.gov/Archives/edgar/data/731766/000120919122061191/,Failed (429)
4,https://www.sec.gov/Archives/edgar/data/731766/000120919122061447/,Failed (429)
8-K,https://www.sec.gov/Archives/edgar/data/731766/000073176622000051/,Failed (429)
4,https://www.sec.gov/Archives/edgar/data/731766/000120919122061446/,Failed (429)
4,https://www.sec.gov/Archives/edgar/data/731766/000120919122060113/,Failed (429)
8-K,https://www.sec.gov/Archives/edgar/data/731766/000073176622000046/,Failed (429)
8-K,https://www.sec.gov/Archives/edgar/data/731766/000073176622000048/,Failed (429)
8-K,https://www.sec.gov/Archives/edgar/data/731766/000119312522272540/,Failed (429)
4,https://www.sec.gov/Archives/edgar/data/731766/000120919122060516/,Failed (429)
4,https://www.sec.gov/Archives/edgar/data/731766/000120919122052395/,Failed (429)
8-K,https://www.sec.gov/Archives/edgar/data/731766/000073176622000041/,Failed (429)
4,https://www.sec.gov/Archives/edgar/data/731766/000120919122052389/,Failed (429)
4,https://www.sec.gov/Archives/edgar/data/731766/000120919122052393/,Failed (429)
4,https://www.sec.gov/Archives/edgar/data/731766/000120919122052387/,Failed (429)
4,https://www.sec.gov/Archives/edgar/data/731766/000120919122052382/,Failed (429)
4,https://www.sec.gov/Archives/edgar/data/731766/000120919122055990/,Failed (429)
4,https://www.sec.gov/Archives/edgar/data/731766/000120919122052384/,Failed (429)
4,https://www.sec.gov/Archives/edgar/data/731766/000120919122052398/,Failed (429)
4,https://www.sec.gov/Archives/edgar/data/731766/000120919122050909/,Failed (429)
4,https://www.sec.gov/Archives/edgar/data/731766/000120919122050905/,Failed (429)
8-K,https://www.sec.gov/Archives/edgar/data/731766/000110465922104936/,Failed (429)
4,https://www.sec.gov/Archives/edgar/data/731766/000120919122050908/,Failed (429)
4,https://www.sec.gov/Archives/edgar/data/731766/000120919122050907/,Failed (429)
4,https://www.sec.gov/Archives/edgar/data/731766/000120919122050929/,Failed (429)
4,https://www.sec.gov/Archives/edgar/data/731766/000120919122050899/,Failed (429)
4,https://www.sec.gov/Archives/edgar/data/731766/000120919122050904/,Failed (429)
4,https://www.sec.gov/Archives/edgar/data/731766/000120919122050901/,Failed (429)
4,https://www.sec.gov/Archives/edgar/data/731766/000120919122050902/,Failed (429)
4,https://www.sec.gov/Archives/edgar/data/731766/000120919122050896/,Failed (429)
4,https://www.sec.gov/Archives/edgar/data/731766/000120919122050894/,Failed (429)
4,https://www.sec.gov/Archives/edgar/data/731766/000120919122050876/,Failed (429)
4,https://www.sec.gov/Archives/edgar/data/731766/000120919122050892/,Failed (429)
4,https://www.sec.gov/Archives/edgar/data/731766/000120919122050883/,Failed (429)
8-K,https://www.sec.gov/Archives/edgar/data/731766/000073176622000038/,Failed (429)
4,https://www.sec.gov/Archives/edgar/data/731766/000120919122050878/,Failed (429)
4,https://www.sec.gov/Archives/edgar/data/731766/000120919122048026/,Failed (429)
4,https://www.sec.gov/Archives/edgar/data/731766/000120919122046845/,Failed (429)
4,https://www.sec.gov/Archives/edgar/data/731766/000120919122045968/,Failed (429)
4,https://www.sec.gov/Archives/edgar/data/731766/000120919122043563/,Failed (429)
8-K,https://www.sec.gov/Archives/edgar/data/731766/000073176622000033/,Failed (429)
4,https://www.sec.gov/Archives/edgar/data/731766/000120919122042565/,Failed (429)
4,https://www.sec.gov/Archives/edgar/data/731766/000120919122043412/,Failed (429)
4,https://www.sec.gov/Archives/edgar/data/731766/000120919122040767/,Failed (429)
4,https://www.sec.gov/Archives/edgar/data/731766/000120919122040771/,Failed (429)
4,https://www.sec.gov/Archives/edgar/data/731766/000120919122040775/,Failed (429)
4,https://www.sec.gov/Archives/edgar/data/731766/000120919122040764/,Failed (429)
4,https://www.sec.gov/Archives/edgar/data/731766/000120919122040757/,Failed (429)
4,https://www.sec.gov/Archives/edgar/data/731766/000120919122040759/,Failed (429)
4,https://www.sec.gov/Archives/edgar/data/731766/000120919122040753/,Failed (429)
4,https://www.sec.gov/Archives/edgar/data/731766/000120919122039927/,Failed (429)
4,https://www.sec.gov/Archives/edgar/data/731766/000120919122039928/,Failed (429)
4,https://www.sec.gov/Archives/edgar/data/731766/000120919122039926/,Failed (429)
4,https://www.sec.gov/Archives/edgar/data/731766/000120919122039923/,Failed (429)
4,https://www.sec.gov/Archives/edgar/data/731766/000120919122039925/,Failed (429)
4,https://www.sec.gov/Archives/edgar/data/731766/000120919122039922/,Failed (429)
4,https://www.sec.gov/Archives/edgar/data/731766/000120919122039921/,Failed (429)
4,https://www.sec.gov/Archives/edgar/data/731766/000120919122039920/,Failed (429)
4,https://www.sec.gov/Archives/edgar/data/731766/000120919122039919/,Failed (429)
4,https://www.sec.gov/Archives/edgar/data/731766/000120919122039916/,Failed (429)
4,https://www.sec.gov/Archives/edgar/data/731766/000120919122039918/,Failed (429)
4,https://www.sec.gov/Archives/edgar/data/731766/000120919122039913/,Failed (429)
4,https://www.sec.gov/Archives/edgar/data/731766/000120919122039462/,Failed (429)
4,https://www.sec.gov/Archives/edgar/data/731766/000120919122039911/,Failed (429)
4,https://www.sec.gov/Archives/edgar/data/731766/000120919122039907/,Failed (429)
4,https://www.sec.gov/Archives/edgar/data/731766/000120919122035088/,Failed (429)
8-K,https://www.sec.gov/Archives/edgar/data/731766/000073176622000028/,Failed (429)
4,https://www.sec.gov/Archives/edgar/data/731766/000120919122035084/,Failed (429)
4,https://www.sec.gov/Archives/edgar/data/731766/000120919122035086/,Failed (429)
8-K,https://www.sec.gov/Archives/edgar/data/731766/000073176622000026/,Failed (429)
4,https://www.sec.gov/Archives/edgar/data/731766/000120919122034828/,Failed (429)
4,https://www.sec.gov/Archives/edgar/data/731766/000120919122032840/,Failed (429)
4,https://www.sec.gov/Archives/edgar/data/731766/000120919122031323/,Failed (429)
8-K,https://www.sec.gov/Archives/edgar/data/731766/000119312522156291/,Failed (429)
4,https://www.sec.gov/Archives/edgar/data/731766/000120919122030120/,Failed (429)
3,https://www.sec.gov/Archives/edgar/data/731766/000120919122025383/,Failed (429)
8-K,https://www.sec.gov/Archives/edgar/data/731766/000073176622000016/,Failed (429)
4,https://www.sec.gov/Archives/edgar/data/731766/000141588922003861/,Failed (429)
4,https://www.sec.gov/Archives/edgar/data/731766/000141588922003860/,Failed (429)
8-K,https://www.sec.gov/Archives/edgar/data/731766/000073176622000021/,Failed (429)
4,https://www.sec.gov/Archives/edgar/data/731766/000141588922003859/,Failed (429)
4,https://www.sec.gov/Archives/edgar/data/731766/000141588922003858/,Failed (429)
4,https://www.sec.gov/Archives/edgar/data/731766/000141588922003857/,Failed (429)
4,https://www.sec.gov/Archives/edgar/data/731766/000141588922003856/,Failed (429)
4,https://www.sec.gov/Archives/edgar/data/731766/000141588922003854/,Failed (429)
4,https://www.sec.gov/Archives/edgar/data/731766/000141588922003855/,Failed (429)
4,https://www.sec.gov/Archives/edgar/data/731766/000141588922003853/,Failed (429)
8-K,https://www.sec.gov/Archives/edgar/data/731766/000073176622000013/,Failed (429)
8-K,https://www.sec.gov/Archives/edgar/data/731766/000119312522087427/,Failed (429)
4,https://www.sec.gov/Archives/edgar/data/731766/000120919122021048/,Failed (429)
4,https://www.sec.gov/Archives/edgar/data/731766/000120919122021049/,Failed (429)
4,https://www.sec.gov/Archives/edgar/data/731766/000120919122021047/,Failed (429)
4,https://www.sec.gov/Archives/edgar/data/731766/000120919122021046/,Failed (429)
4,https://www.sec.gov/Archives/edgar/data/731766/000120919122021044/,Failed (429)
4,https://www.sec.gov/Archives/edgar/data/731766/000120919122021045/,Failed (429)
4,https://www.sec.gov/Archives/edgar/data/731766/000120919122021043/,Failed (429)
4,https://www.sec.gov/Archives/edgar/data/731766/000120919122021042/,Failed (429)
4,https://www.sec.gov/Archives/edgar/data/731766/000120919122021041/,Failed (429)
4,https://www.sec.gov/Archives/edgar/data/731766/000120919122021038/,Failed (429)
4,https://www.sec.gov/Archives/edgar/data/731766/000120919122021040/,Failed (429)
4,https://www.sec.gov/Archives/edgar/data/731766/000120919122020979/,Failed (429)
4,https://www.sec.gov/Archives/edgar/data/731766/000120919122021037/,Failed (429)
4,https://www.sec.gov/Archives/edgar/data/731766/000120919122020975/,Failed (429)
4,https://www.sec.gov/Archives/edgar/data/731766/000120919122014332/,Failed (429)
3,https://www.sec.gov/Archives/edgar/data/731766/000120919122014989/,Failed (429)
4,https://www.sec.gov/Archives/edgar/data/731766/000120919122014328/,Failed (429)
4,https://www.sec.gov/Archives/edgar/data/731766/000120919122014319/,Failed (429)
4,https://www.sec.gov/Archives/edgar/data/731766/000120919122014315/,Failed (429)
4,https://www.sec.gov/Archives/edgar/data/731766/000120919122014305/,Failed (429)
4,https://www.sec.gov/Archives/edgar/data/731766/000120919122014324/,Failed (429)
4,https://www.sec.gov/Archives/edgar/data/731766/000120919122013379/,Failed (429)
4,https://www.sec.gov/Archives/edgar/data/731766/000120919122014302/,Failed (429)
4,https://www.sec.gov/Archives/edgar/data/731766/000120919122012792/,Failed (429)
4,https://www.sec.gov/Archives/edgar/data/731766/000120919122012791/,Failed (429)
4,https://www.sec.gov/Archives/edgar/data/731766/000120919122012793/,Failed (429)
4,https://www.sec.gov/Archives/edgar/data/731766/000120919122012794/,Failed (429)
4,https://www.sec.gov/Archives/edgar/data/731766/000120919122012790/,Failed (429)
4,https://www.sec.gov/Archives/edgar/data/731766/000120919122012784/,Failed (429)
4,https://www.sec.gov/Archives/edgar/data/731766/000120919122011453/,Failed (429)
8-K,https://www.sec.gov/Archives/edgar/data/731766/000073176622000010/,Failed (429)
4,https://www.sec.gov/Archives/edgar/data/731766/000120919122010300/,Failed (429)
4,https://www.sec.gov/Archives/edgar/data/731766/000120919122010284/,Failed (429)
4,https://www.sec.gov/Archives/edgar/data/731766/000120919122010297/,Failed (429)
4,https://www.sec.gov/Archives/edgar/data/731766/000120919122010286/,Failed (429)
4,https://www.sec.gov/Archives/edgar/data/731766/000120919122010278/,Failed (429)
4,https://www.sec.gov/Archives/edgar/data/731766/000120919122010281/,Failed (429)
4,https://www.sec.gov/Archives/edgar/data/731766/000120919122009985/,Failed (429)
4,https://www.sec.gov/Archives/edgar/data/731766/000120919122009862/,Failed (429)
4,https://www.sec.gov/Archives/edgar/data/731766/000120919122009865/,Failed (429)
4,https://www.sec.gov/Archives/edgar/data/731766/000120919122009860/,Failed (429)
4,https://www.sec.gov/Archives/edgar/data/731766/000120919122009856/,Failed (429)
4,https://www.sec.gov/Archives/edgar/data/731766/000120919122009859/,Failed (429)
4,https://www.sec.gov/Archives/edgar/data/731766/000120919122009858/,Failed (429)
8-K,https://www.sec.gov/Archives/edgar/data/731766/000073176622000004/,Failed (429)
4,https://www.sec.gov/Archives/edgar/data/731766/000120919122009855/,Failed (429)
4,https://www.sec.gov/Archives/edgar/data/731766/000120919122001735/,Failed (429)
4,https://www.sec.gov/Archives/edgar/data/731766/000120919122001738/,Failed (429)
4,https://www.sec.gov/Archives/edgar/data/731766/000120919122004641/,Failed (429)
4,https://www.sec.gov/Archives/edgar/data/731766/000120919122001734/,Failed (429)
4,https://www.sec.gov/Archives/edgar/data/731766/000120919122001730/,Failed (429)
4,https://www.sec.gov/Archives/edgar/data/731766/000120919122001726/,Failed (429)
4,https://www.sec.gov/Archives/edgar/data/731766/000120919122001720/,Failed (429)
4,https://www.sec.gov/Archives/edgar/data/731766/000120919122001724/,Failed (429)
4,https://www.sec.gov/Archives/edgar/data/731766/000120919122001717/,Failed (429)
4,https://www.sec.gov/Archives/edgar/data/731766/000120919122001714/,Failed (429)
4,https://www.sec.gov/Archives/edgar/data/731766/000120919121070060/,Failed (429)
4,https://www.sec.gov/Archives/edgar/data/731766/000120919121070061/,Failed (429)
4,https://www.sec.gov/Archives/edgar/data/731766/000120919121070058/,Failed (429)
4,https://www.sec.gov/Archives/edgar/data/731766/000120919121070059/,Failed (429)
4,https://www.sec.gov/Archives/edgar/data/731766/000120919121070056/,Failed (429)
4,https://www.sec.gov/Archives/edgar/data/731766/000120919121070055/,Failed (429)
4,https://www.sec.gov/Archives/edgar/data/731766/000120919121070053/,Failed (429)
4,https://www.sec.gov/Archives/edgar/data/731766/000120919121070049/,Failed (429)
4,https://www.sec.gov/Archives/edgar/data/731766/000120919121070038/,Failed (429)
4,https://www.sec.gov/Archives/edgar/data/731766/000120919121070043/,Failed (429)
4,https://www.sec.gov/Archives/edgar/data/731766/000120919121070050/,Failed (429)
8-K,https://www.sec.gov/Archives/edgar/data/731766/000073176621000057/,Failed (429)
4,https://www.sec.gov/Archives/edgar/data/731766/000120919121070052/,Failed (429)
4,https://www.sec.gov/Archives/edgar/data/731766/000120919121070044/,Failed (429)
4,https://www.sec.gov/Archives/edgar/data/731766/000120919121066792/,Failed (429)
4,https://www.sec.gov/Archives/edgar/data/731766/000120919121070042/,Failed (429)
4,https://www.sec.gov/Archives/edgar/data/731766/000120919121070046/,Failed (429)
8-K,https://www.sec.gov/Archives/edgar/data/731766/000073176621000055/,Failed (429)
3,https://www.sec.gov/Archives/edgar/data/731766/000120919121064126/,Failed (429)
4,https://www.sec.gov/Archives/edgar/data/731766/000120919121061838/,Failed (429)
8-K,https://www.sec.gov/Archives/edgar/data/731766/000073176621000053/,Failed (429)
4,https://www.sec.gov/Archives/edgar/data/731766/000120919121063438/,Failed (429)
4,https://www.sec.gov/Archives/edgar/data/731766/000120919121059523/,Failed (429)
4,https://www.sec.gov/Archives/edgar/data/731766/000120919121059503/,Failed (429)
4,https://www.sec.gov/Archives/edgar/data/731766/000120919121059514/,Failed (429)
4,https://www.sec.gov/Archives/edgar/data/731766/000120919121059510/,Failed (429)
4,https://www.sec.gov/Archives/edgar/data/731766/000120919121059519/,Failed (429)
4,https://www.sec.gov/Archives/edgar/data/731766/000120919121059517/,Failed (429)
8-K,https://www.sec.gov/Archives/edgar/data/731766/000073176621000040/,Failed (429)
4,https://www.sec.gov/Archives/edgar/data/731766/000120919121059501/,Failed (429)
4,https://www.sec.gov/Archives/edgar/data/731766/000120919121057453/,Failed (429)
4,https://www.sec.gov/Archives/edgar/data/731766/000120919121057436/,Failed (429)
4,https://www.sec.gov/Archives/edgar/data/731766/000120919121057434/,Failed (429)
4,https://www.sec.gov/Archives/edgar/data/731766/000120919121057435/,Failed (429)
4,https://www.sec.gov/Archives/edgar/data/731766/000120919121059505/,Failed (429)
4,https://www.sec.gov/Archives/edgar/data/731766/000120919121057431/,Failed (429)
4,https://www.sec.gov/Archives/edgar/data/731766/000120919121057430/,Failed (429)
4,https://www.sec.gov/Archives/edgar/data/731766/000120919121057429/,Failed (429)
4,https://www.sec.gov/Archives/edgar/data/731766/000120919121057433/,Failed (429)
4,https://www.sec.gov/Archives/edgar/data/731766/000120919121057432/,Failed (429)
4,https://www.sec.gov/Archives/edgar/data/731766/000120919121057428/,Failed (429)
4,https://www.sec.gov/Archives/edgar/data/731766/000120919121057424/,Failed (429)
4,https://www.sec.gov/Archives/edgar/data/731766/000120919121057427/,Failed (429)
4,https://www.sec.gov/Archives/edgar/data/731766/000120919121057426/,Failed (429)
4,https://www.sec.gov/Archives/edgar/data/731766/000120919121053311/,Failed (429)
4,https://www.sec.gov/Archives/edgar/data/731766/000120919121057045/,Failed (429)
4,https://www.sec.gov/Archives/edgar/data/731766/000120919121056401/,Failed (429)
4,https://www.sec.gov/Archives/edgar/data/731766/000120919121048959/,Failed (429)
4,https://www.sec.gov/Archives/edgar/data/731766/000120919121057423/,Failed (429)
4,https://www.sec.gov/Archives/edgar/data/731766/000120919121057425/,Failed (429)
4,https://www.sec.gov/Archives/edgar/data/731766/000120919121047780/,Failed (429)
4,https://www.sec.gov/Archives/edgar/data/731766/000120919121048201/,Failed (429)
4,https://www.sec.gov/Archives/edgar/data/731766/000120919121045545/,Failed (429)
4,https://www.sec.gov/Archives/edgar/data/731766/000120919121047600/,Failed (429)
4,https://www.sec.gov/Archives/edgar/data/731766/000120919121047188/,Failed (429)
8-K,https://www.sec.gov/Archives/edgar/data/731766/000073176621000033/,Failed (429)
4,https://www.sec.gov/Archives/edgar/data/731766/000120919121045540/,Failed (429)
4,https://www.sec.gov/Archives/edgar/data/731766/000120919121045542/,Failed (429)
4,https://www.sec.gov/Archives/edgar/data/731766/000120919121045539/,Failed (429)
4,https://www.sec.gov/Archives/edgar/data/731766/000120919121045544/,Failed (429)
4,https://www.sec.gov/Archives/edgar/data/731766/000120919121045532/,Failed (429)
4,https://www.sec.gov/Archives/edgar/data/731766/000120919121045537/,Failed (429)
4,https://www.sec.gov/Archives/edgar/data/731766/000120919121045535/,Failed (429)
4,https://www.sec.gov/Archives/edgar/data/731766/000120919121044501/,Failed (429)
4,https://www.sec.gov/Archives/edgar/data/731766/000120919121044502/,Failed (429)
4,https://www.sec.gov/Archives/edgar/data/731766/000120919121044498/,Failed (429)
4,https://www.sec.gov/Archives/edgar/data/731766/000120919121044497/,Failed (429)
4,https://www.sec.gov/Archives/edgar/data/731766/000120919121044499/,Failed (429)
4,https://www.sec.gov/Archives/edgar/data/731766/000120919121044562/,Failed (429)
4,https://www.sec.gov/Archives/edgar/data/731766/000120919121044496/,Failed (429)
4,https://www.sec.gov/Archives/edgar/data/731766/000120919121044495/,Failed (429)
4,https://www.sec.gov/Archives/edgar/data/731766/000120919121044500/,Failed (429)
4,https://www.sec.gov/Archives/edgar/data/731766/000120919121044494/,Failed (429)
4,https://www.sec.gov/Archives/edgar/data/731766/000120919121044489/,Failed (429)
4,https://www.sec.gov/Archives/edgar/data/731766/000120919121044492/,Failed (429)
4,https://www.sec.gov/Archives/edgar/data/731766/000120919121044484/,Failed (429)
4,https://www.sec.gov/Archives/edgar/data/731766/000120919121044485/,Failed (429)
4,https://www.sec.gov/Archives/edgar/data/731766/000120919121044488/,Failed (429)
4,https://www.sec.gov/Archives/edgar/data/731766/000120919121040301/,Failed (429)
4,https://www.sec.gov/Archives/edgar/data/731766/000120919121042482/,Failed (429)
4,https://www.sec.gov/Archives/edgar/data/731766/000120919121041448/,Failed (429)
3,https://www.sec.gov/Archives/edgar/data/731766/000120919121041463/,Failed (429)
8-K,https://www.sec.gov/Archives/edgar/data/731766/000073176621000028/,Failed (429)
4,https://www.sec.gov/Archives/edgar/data/731766/000120919121038988/,Failed (429)
4,https://www.sec.gov/Archives/edgar/data/731766/000120919121038594/,Failed (429)
8-K,https://www.sec.gov/Archives/edgar/data/731766/000073176621000023/,Failed (429)
8-K,https://www.sec.gov/Archives/edgar/data/731766/000073176621000025/,Failed (429)
8-K,https://www.sec.gov/Archives/edgar/data/731766/000119312521166654/,Failed (429)
4,https://www.sec.gov/Archives/edgar/data/731766/000120919121028821/,Failed (429)
3,https://www.sec.gov/Archives/edgar/data/731766/000120919121027031/,Failed (429)
8-K,https://www.sec.gov/Archives/edgar/data/731766/000073176621000018/,Failed (429)
4,https://www.sec.gov/Archives/edgar/data/731766/000120919121027807/,Failed (429)
4,https://www.sec.gov/Archives/edgar/data/731766/000120919121027321/,Failed (429)
4,https://www.sec.gov/Archives/edgar/data/731766/000120919121025304/,Failed (429)
4,https://www.sec.gov/Archives/edgar/data/731766/000120919121025300/,Failed (429)
4,https://www.sec.gov/Archives/edgar/data/731766/000120919121025276/,Failed (429)
4,https://www.sec.gov/Archives/edgar/data/731766/000120919121025272/,Failed (429)
4,https://www.sec.gov/Archives/edgar/data/731766/000120919121025280/,Failed (429)
4,https://www.sec.gov/Archives/edgar/data/731766/000120919121025278/,Failed (429)
4,https://www.sec.gov/Archives/edgar/data/731766/000120919121025267/,Failed (429)
4,https://www.sec.gov/Archives/edgar/data/731766/000120919121025269/,Failed (429)
4,https://www.sec.gov/Archives/edgar/data/731766/000120919121025265/,Failed (429)
4,https://www.sec.gov/Archives/edgar/data/731766/000120919121023058/,Failed (429)
4,https://www.sec.gov/Archives/edgar/data/731766/000120919121023057/,Failed (429)
4,https://www.sec.gov/Archives/edgar/data/731766/000120919121023055/,Failed (429)
4,https://www.sec.gov/Archives/edgar/data/731766/000120919121023052/,Failed (429)
4,https://www.sec.gov/Archives/edgar/data/731766/000120919121023054/,Failed (429)
4,https://www.sec.gov/Archives/edgar/data/731766/000120919121023053/,Failed (429)
4,https://www.sec.gov/Archives/edgar/data/731766/000120919121023051/,Failed (429)
4,https://www.sec.gov/Archives/edgar/data/731766/000120919121023048/,Failed (429)
4,https://www.sec.gov/Archives/edgar/data/731766/000120919121023047/,Failed (429)
4,https://www.sec.gov/Archives/edgar/data/731766/000120919121023049/,Failed (429)
4,https://www.sec.gov/Archives/edgar/data/731766/000120919121023050/,Failed (429)
4,https://www.sec.gov/Archives/edgar/data/731766/000120919121023046/,Failed (429)
4,https://www.sec.gov/Archives/edgar/data/731766/000120919121023045/,Failed (429)
4,https://www.sec.gov/Archives/edgar/data/731766/000120919121021754/,Failed (429)
4,https://www.sec.gov/Archives/edgar/data/731766/000120919121023044/,Failed (429)
4,https://www.sec.gov/Archives/edgar/data/731766/000120919121020964/,Failed (429)
4,https://www.sec.gov/Archives/edgar/data/731766/000120919121016194/,Failed (429)
8-K,https://www.sec.gov/Archives/edgar/data/731766/000073176621000015/,Failed (429)
4,https://www.sec.gov/Archives/edgar/data/731766/000120919121016189/,Failed (429)
8-K,https://www.sec.gov/Archives/edgar/data/731766/000073176621000010/,Failed (429)
4,https://www.sec.gov/Archives/edgar/data/731766/000120919121016198/,Failed (429)
4,https://www.sec.gov/Archives/edgar/data/731766/000120919121016185/,Failed (429)
4,https://www.sec.gov/Archives/edgar/data/731766/000120919121016182/,Failed (429)
4,https://www.sec.gov/Archives/edgar/data/731766/000120919121013898/,Failed (429)
4,https://www.sec.gov/Archives/edgar/data/731766/000120919121013894/,Failed (429)
4,https://www.sec.gov/Archives/edgar/data/731766/000120919121013890/,Failed (429)
4,https://www.sec.gov/Archives/edgar/data/731766/000120919121013885/,Failed (429)
4,https://www.sec.gov/Archives/edgar/data/731766/000120919121011330/,Failed (429)
4,https://www.sec.gov/Archives/edgar/data/731766/000120919121013895/,Failed (429)
4,https://www.sec.gov/Archives/edgar/data/731766/000120919121012821/,Failed (429)
4,https://www.sec.gov/Archives/edgar/data/731766/000120919121010875/,Failed (429)
4,https://www.sec.gov/Archives/edgar/data/731766/000120919121010876/,Failed (429)
4,https://www.sec.gov/Archives/edgar/data/731766/000120919121013888/,Failed (429)
4,https://www.sec.gov/Archives/edgar/data/731766/000120919121010872/,Failed (429)
4,https://www.sec.gov/Archives/edgar/data/731766/000120919121010874/,Failed (429)
4,https://www.sec.gov/Archives/edgar/data/731766/000120919121010869/,Failed (429)
4,https://www.sec.gov/Archives/edgar/data/731766/000120919121008911/,Failed (429)
4,https://www.sec.gov/Archives/edgar/data/731766/000120919121010866/,Failed (429)
4,https://www.sec.gov/Archives/edgar/data/731766/000120919121009815/,Failed (429)
4,https://www.sec.gov/Archives/edgar/data/731766/000120919121008910/,Failed (429)
±â0Â±âÛiå@=úŸó@!ß±â°¶Â±âP®Õ¢¸Ä:î@[à±âpµà±âpWè­•ÅÝŒÂ±â0ÖÀ±â4,https://www.sec.gov/Archives/edgar/data/731766/000120919121010868/,Failed (429)
4,https://www.sec.gov/Archives/edgar/data/731766/000120919121008907/,Failed (429)
4,https://www.sec.gov/Archives/edgar/data/731766/000120919121008908/,Failed (429)
8-K,https://www.sec.gov/Archives/edgar/data/731766/000073176621000002/,Failed (429)
4,https://www.sec.gov/Archives/edgar/data/731766/000120919121008905/,Failed (429)
8-K,https://www.sec.gov/Archives/edgar/data/731766/000073176621000004/,Failed (429)
4,https://www.sec.gov/Archives/edgar/data/731766/000120919121002298/,Failed (429)
3,https://www.sec.gov/Archives/edgar/data/731766/000120919121004159/,Failed (429)
4,https://www.sec.gov/Archives/edgar/data/731766/000120919121002297/,Failed (429)
4,https://www.sec.gov/Archives/edgar/data/731766/000120919121002296/,Failed (429)
4,https://www.sec.gov/Archives/edgar/data/731766/000120919121002295/,Failed (429)
4,https://www.sec.gov/Archives/edgar/data/731766/000120919121002294/,Failed (429)
4,https://www.sec.gov/Archives/edgar/data/731766/000120919121002292/,Failed (429)
4,https://www.sec.gov/Archives/edgar/data/731766/000120919121002290/,Failed (429)
4,https://www.sec.gov/Archives/edgar/data/731766/000120919121002288/,Failed (429)
4,https://www.sec.gov/Archives/edgar/data/731766/000120919121002291/,Failed (429)
4,https://www.sec.gov/Archives/edgar/data/731766/000120919121002287/,Failed (429)
8-K,https://www.sec.gov/Archives/edgar/data/731766/000119312521002419/,Failed (429)
4,https://www.sec.gov/Archives/edgar/data/731766/000120919120064150/,Failed (429)
4,https://www.sec.gov/Archives/edgar/data/731766/000120919120064152/,Failed (429)
4,https://www.sec.gov/Archives/edgar/data/731766/000120919120064146/,Failed (429)
4,https://www.sec.gov/Archives/edgar/data/731766/000120919120064144/,Failed (429)
4,https://www.sec.gov/Archives/edgar/data/731766/000120919120064147/,Failed (429)
4,https://www.sec.gov/Archives/edgar/data/731766/000120919120064141/,Failed (429)
4,https://www.sec.gov/Archives/edgar/data/731766/000120919120064139/,Failed (429)
4,https://www.sec.gov/Archives/edgar/data/731766/000120919120064149/,Failed (429)
4,https://www.sec.gov/Archives/edgar/data/731766/000120919120064143/,Failed (429)
4,https://www.sec.gov/Archives/edgar/data/731766/000120919120064136/,Failed (429)
4,https://www.sec.gov/Archives/edgar/data/731766/000120919120064132/,Failed (429)
4,https://www.sec.gov/Archives/edgar/data/731766/000120919120064134/,Failed (429)
4,https://www.sec.gov/Archives/edgar/data/731766/000120919120064130/,Failed (429)
4,https://www.sec.gov/Archives/edgar/data/731766/000120919120064131/,Failed (429)
4,https://www.sec.gov/Archives/edgar/data/731766/000120919120063265/,Failed (429)
4,https://www.sec.gov/Archives/edgar/data/731766/000120919120064129/,Failed (429)
4,https://www.sec.gov/Archives/edgar/data/731766/000120919120064128/,Failed (429)
4,https://www.sec.gov/Archives/edgar/data/731766/000120919120062779/,Failed (429)
8-K,https://www.sec.gov/Archives/edgar/data/731766/000073176620000060/,Failed (429)
3,https://www.sec.gov/Archives/edgar/data/731766/000120919120061823/,Failed (429)
8-K,https://www.sec.gov/Archives/edgar/data/731766/000073176620000058/,Failed (429)
8-K,https://www.sec.gov/Archives/edgar/data/731766/000073176620000056/,Failed (429)
8-K,https://www.sec.gov/Archives/edgar/data/731766/000073176620000053/,Failed (429)
4,https://www.sec.gov/Archives/edgar/data/731766/000120919120057646/,Failed (429)
4,https://www.sec.gov/Archives/edgar/data/731766/000120919120055934/,Failed (429)
4,https://www.sec.gov/Archives/edgar/data/731766/000120919120056644/,Failed (429)
4,https://www.sec.gov/Archives/edgar/data/731766/000120919120053689/,Failed (429)
8-K,https://www.sec.gov/Archives/edgar/data/731766/000073176620000045/,Failed (429)
4,https://www.sec.gov/Archives/edgar/data/731766/000120919120053686/,Failed (429)
4,https://www.sec.gov/Archives/edgar/data/731766/000120919120053684/,Failed (429)
4,https://www.sec.gov/Archives/edgar/data/731766/000120919120065574/,Failed (429)
4,https://www.sec.gov/Archives/edgar/data/731766/000120919120053677/,Failed (429)
4,https://www.sec.gov/Archives/edgar/data/731766/000120919120053678/,Failed (429)
4,https://www.sec.gov/Archives/edgar/data/731766/000120919120053682/,Failed (429)
4,https://www.sec.gov/Archives/edgar/data/731766/000120919120051946/,Failed (429)
4,https://www.sec.gov/Archives/edgar/data/731766/000120919120053680/,Failed (429)
4,https://www.sec.gov/Archives/edgar/data/731766/000120919120053674/,Failed (429)
4,https://www.sec.gov/Archives/edgar/data/731766/000120919120053681/,Failed (429)
4,https://www.sec.gov/Archives/edgar/data/731766/000120919120051933/,Failed (429)
4,https://www.sec.gov/Archives/edgar/data/731766/000120919120051935/,Failed (429)
4,https://www.sec.gov/Archives/edgar/data/731766/000120919120051936/,Failed (429)
4,https://www.sec.gov/Archives/edgar/data/731766/000120919120051926/,Failed (429)
4,https://www.sec.gov/Archives/edgar/data/731766/000120919120051929/,Failed (429)
4,https://www.sec.gov/Archives/edgar/data/731766/000120919120051931/,Failed (429)
4,https://www.sec.gov/Archives/edgar/data/731766/000120919120051925/,Failed (429)
4,https://www.sec.gov/Archives/edgar/data/731766/000120919120051924/,Failed (429)
4,https://www.sec.gov/Archives/edgar/data/731766/000120919120051919/,Failed (429)
4,https://www.sec.gov/Archives/edgar/data/731766/000120919120051920/,Failed (429)
4,https://www.sec.gov/Archives/edgar/data/731766/000120919120051918/,Failed (429)
4,https://www.sec.gov/Archives/edgar/data/731766/000120919120051922/,Failed (429)
4,https://www.sec.gov/Archives/edgar/data/731766/000120919120051913/,Failed (429)
4,https://www.sec.gov/Archives/edgar/data/731766/000120919120051912/,Failed (429)
4,https://www.sec.gov/Archives/edgar/data/731766/000120919120048773/,Failed (429)
4,https://www.sec.gov/Archives/edgar/data/731766/000120919120046942/,Failed (429)
4,https://www.sec.gov/Archives/edgar/data/731766/000120919120046359/,Failed (429)
4,https://www.sec.gov/Archives/edgar/data/731766/000120919120043479/,Failed (429)
4,https://www.sec.gov/Archives/edgar/data/731766/000120919120043122/,Failed (429)
4,https://www.sec.gov/Archives/edgar/data/731766/000120919120046943/,Failed (429)
4,https://www.sec.gov/Archives/edgar/data/731766/000120919120043121/,Failed (429)
8-K,https://www.sec.gov/Archives/edgar/data/731766/000073176620000038/,Failed (429)
4,https://www.sec.gov/Archives/edgar/data/731766/000120919120040480/,Failed (429)
4,https://www.sec.gov/Archives/edgar/data/731766/000120919120040486/,Failed (429)
4,https://www.sec.gov/Archives/edgar/data/731766/000120919120040475/,Failed (429)
4,https://www.sec.gov/Archives/edgar/data/731766/000120919120040461/,Failed (429)
4,https://www.sec.gov/Archives/edgar/data/731766/000120919120040467/,Failed (429)
4,https://www.sec.gov/Archives/edgar/data/731766/000120919120040455/,Failed (429)
4,https://www.sec.gov/Archives/edgar/data/731766/000120919120040437/,Failed (429)
4,https://www.sec.gov/Archives/edgar/data/731766/000120919120040416/,Failed (429)
4,https://www.sec.gov/Archives/edgar/data/731766/000120919120040426/,Failed (429)
4,https://www.sec.gov/Archives/edgar/data/731766/000120919120040445/,Failed (429)
4,https://www.sec.gov/Archives/edgar/data/731766/000120919120040413/,Failed (429)
4,https://www.sec.gov/Archives/edgar/data/731766/000120919120040402/,Failed (429)
4,https://www.sec.gov/Archives/edgar/data/731766/000120919120040383/,Failed (429)
4,https://www.sec.gov/Archives/edgar/data/731766/000120919120040375/,Failed (429)
4,https://www.sec.gov/Archives/edgar/data/731766/000120919120040396/,Failed (429)
8-K,https://www.sec.gov/Archives/edgar/data/731766/000073176620000034/,Failed (429)
4,https://www.sec.gov/Archives/edgar/data/731766/000120919120034998/,Failed (429)
8-K,https://www.sec.gov/Archives/edgar/data/731766/000119312520145044/,Failed (429)
4,https://www.sec.gov/Archives/edgar/data/731766/000120919120028526/,Failed (429)
3,https://www.sec.gov/Archives/edgar/data/731766/000120919120024836/,Failed (429)
8-K,https://www.sec.gov/Archives/edgar/data/731766/000073176620000022/,Failed (429)
4,https://www.sec.gov/Archives/edgar/data/731766/000120919120023407/,Failed (429)
8-K,https://www.sec.gov/Archives/edgar/data/731766/000073176620000020/,Failed (429)
4,https://www.sec.gov/Archives/edgar/data/731766/000120919120023405/,Failed (429)
4,https://www.sec.gov/Archives/edgar/data/731766/000120919120023404/,Failed (429)
4,https://www.sec.gov/Archives/edgar/data/731766/000120919120023399/,Failed (429)
4,https://www.sec.gov/Archives/edgar/data/731766/000120919120023398/,Failed (429)
4,https://www.sec.gov/Archives/edgar/data/731766/000120919120023397/,Failed (429)
4,https://www.sec.gov/Archives/edgar/data/731766/000120919120023401/,Failed (429)
4,https://www.sec.gov/Archives/edgar/data/731766/000120919120023394/,Failed (429)
4,https://www.sec.gov/Archives/edgar/data/731766/000120919120023389/,Failed (429)
4,https://www.sec.gov/Archives/edgar/data/731766/000120919120023392/,Failed (429)
4,https://www.sec.gov/Archives/edgar/data/731766/000120919120021276/,Failed (429)
4,https://www.sec.gov/Archives/edgar/data/731766/000120919120021275/,Failed (429)
4,https://www.sec.gov/Archives/edgar/data/731766/000120919120021277/,Failed (429)
4,https://www.sec.gov/Archives/edgar/data/731766/000120919120021274/,Failed (429)
4,https://www.sec.gov/Archives/edgar/data/731766/000120919120021273/,Failed (429)
4,https://www.sec.gov/Archives/edgar/data/731766/000120919120021268/,Failed (429)
4,https://www.sec.gov/Archives/edgar/data/731766/000120919120021270/,Failed (429)
4,https://www.sec.gov/Archives/edgar/data/731766/000120919120021272/,Failed (429)
4,https://www.sec.gov/Archives/edgar/data/731766/000120919120021271/,Failed (429)
4,https://www.sec.gov/Archives/edgar/data/731766/000120919120021269/,Failed (429)
4,https://www.sec.gov/Archives/edgar/data/731766/000120919120021263/,Failed (429)
4,https://www.sec.gov/Archives/edgar/data/731766/000120919120021261/,Failed (429)
4,https://www.sec.gov/Archives/edgar/data/731766/000120919120021267/,Failed (429)
4,https://www.sec.gov/Archives/edgar/data/731766/000120919120021265/,Failed (429)
4,https://www.sec.gov/Archives/edgar/data/731766/000120919120021264/,Failed (429)
4,https://www.sec.gov/Archives/edgar/data/731766/000120919120021260/,Failed (429)
4,https://www.sec.gov/Archives/edgar/data/731766/000120919120020484/,Failed (429)
4,https://www.sec.gov/Archives/edgar/data/731766/000120919120020701/,Failed (429)
4,https://www.sec.gov/Archives/edgar/data/731766/000120919120021259/,Failed (429)
4,https://www.sec.gov/Archives/edgar/data/731766/000120919120014098/,Failed (429)
4,https://www.sec.gov/Archives/edgar/data/731766/000120919120014110/,Failed (429)
4,https://www.sec.gov/Archives/edgar/data/731766/000120919120019998/,Failed (429)
8-K,https://www.sec.gov/Archives/edgar/data/731766/000073176620000018/,Failed (429)
4,https://www.sec.gov/Archives/edgar/data/731766/000120919120014004/,Failed (429)
4,https://www.sec.gov/Archives/edgar/data/731766/000120919120014003/,Failed (429)
4,https://www.sec.gov/Archives/edgar/data/731766/000120919120013992/,Failed (429)
4,https://www.sec.gov/Archives/edgar/data/731766/000120919120013981/,Failed (429)
4,https://www.sec.gov/Archives/edgar/data/731766/000120919120013998/,Failed (429)
4,https://www.sec.gov/Archives/edgar/data/731766/000120919120011513/,Failed (429)
4,https://www.sec.gov/Archives/edgar/data/731766/000120919120010130/,Failed (429)
4,https://www.sec.gov/Archives/edgar/data/731766/000120919120010124/,Failed (429)
4,https://www.sec.gov/Archives/edgar/data/731766/000120919120013985/,Failed (429)
4,https://www.sec.gov/Archives/edgar/data/731766/000120919120010139/,Failed (429)
4,https://www.sec.gov/Archives/edgar/data/731766/000120919120010120/,Failed (429)
4,https://www.sec.gov/Archives/edgar/data/731766/000120919120010114/,Failed (429)
4,https://www.sec.gov/Archives/edgar/data/731766/000120919120010103/,Failed (429)
4,https://www.sec.gov/Archives/edgar/data/731766/000120919120010111/,Failed (429)
4,https://www.sec.gov/Archives/edgar/data/731766/000120919120010097/,Failed (429)
4,https://www.sec.gov/Archives/edgar/data/731766/000120919120008368/,Failed (429)
4,https://www.sec.gov/Archives/edgar/data/731766/000120919120008364/,Failed (429)
4,https://www.sec.gov/Archives/edgar/data/731766/000120919120008358/,Failed (429)
4,https://www.sec.gov/Archives/edgar/data/731766/000120919120008359/,Failed (429)
4,https://www.sec.gov/Archives/edgar/data/731766/000120919120008356/,Failed (429)
4,https://www.sec.gov/Archives/edgar/data/731766/000120919120008366/,Failed (429)
8-K,https://www.sec.gov/Archives/edgar/data/731766/000073176620000002/,Failed (429)
4,https://www.sec.gov/Archives/edgar/data/731766/000120919120004324/,Failed (429)
4,https://www.sec.gov/Archives/edgar/data/731766/000120919120008355/,Failed (429)
4,https://www.sec.gov/Archives/edgar/data/731766/000120919120004328/,Failed (429)
4,https://www.sec.gov/Archives/edgar/data/731766/000120919120000940/,Failed (429)
4,https://www.sec.gov/Archives/edgar/data/731766/000120919120000936/,Failed (429)
4,https://www.sec.gov/Archives/edgar/data/731766/000120919120000919/,Failed (429)
4,https://www.sec.gov/Archives/edgar/data/731766/000120919120000912/,Failed (429)
4,https://www.sec.gov/Archives/edgar/data/731766/000120919120000929/,Failed (429)
4,https://www.sec.gov/Archives/edgar/data/731766/000120919120000923/,Failed (429)
4,https://www.sec.gov/Archives/edgar/data/731766/000120919120000905/,Failed (429)
4,https://www.sec.gov/Archives/edgar/data/731766/000120919120000889/,Failed (429)
4,https://www.sec.gov/Archives/edgar/data/731766/000120919120000896/,Failed (429)
4,https://www.sec.gov/Archives/edgar/data/731766/000120919120000900/,Failed (429)
4,https://www.sec.gov/Archives/edgar/data/731766/000120919119061403/,Failed (429)
4,https://www.sec.gov/Archives/edgar/data/731766/000120919119061374/,Failed (429)
4,https://www.sec.gov/Archives/edgar/data/731766/000120919119061364/,Failed (429)
4,https://www.sec.gov/Archives/edgar/data/731766/000120919119061369/,Failed (429)
4,https://www.sec.gov/Archives/edgar/data/731766/000120919119061367/,Failed (429)
4,https://www.sec.gov/Archives/edgar/data/731766/000120919119061365/,Failed (429)
4,https://www.sec.gov/Archives/edgar/data/731766/000120919119061362/,Failed (429)
4,https://www.sec.gov/Archives/edgar/data/731766/000120919119061363/,Failed (429)
4,https://www.sec.gov/Archives/edgar/data/731766/000120919119061360/,Failed (429)
4,https://www.sec.gov/Archives/edgar/data/731766/000120919119061342/,Failed (429)
4,https://www.sec.gov/Archives/edgar/data/731766/000120919119061344/,Failed (429)
4,https://www.sec.gov/Archives/edgar/data/731766/000120919119061339/,Failed (429)
4,https://www.sec.gov/Archives/edgar/data/731766/000120919119061336/,Failed (429)
4,https://www.sec.gov/Archives/edgar/data/731766/000120919119061341/,Failed (429)
4,https://www.sec.gov/Archives/edgar/data/731766/000120919119061335/,Failed (429)
8-K,https://www.sec.gov/Archives/edgar/data/731766/000073176619000042/,Failed (429)
8-K,https://www.sec.gov/Archives/edgar/data/731766/000073176619000040/,Failed (429)
4,https://www.sec.gov/Archives/edgar/data/731766/000120919119061337/,Failed (429)
8-K,https://www.sec.gov/Archives/edgar/data/731766/000119312519308603/,Failed (429)
8-K,https://www.sec.gov/Archives/edgar/data/731766/000073176619000038/,Failed (429)
8-K,https://www.sec.gov/Archives/edgar/data/731766/000073176619000036/,Failed (429)
4,https://www.sec.gov/Archives/edgar/data/731766/000120919119056070/,Failed (429)
4,https://www.sec.gov/Archives/edgar/data/731766/000120919119055833/,Failed (429)
4,https://www.sec.gov/Archives/edgar/data/731766/000120919119061333/,Failed (429)
4,https://www.sec.gov/Archives/edgar/data/731766/000120919119057205/,Failed (429)
4,https://www.sec.gov/Archives/edgar/data/731766/000120919119055679/,Failed (429)
4,https://www.sec.gov/Archives/edgar/data/731766/000120919119053603/,Failed (429)
4,https://www.sec.gov/Archives/edgar/data/731766/000120919119051820/,Failed (429)
4,https://www.sec.gov/Archives/edgar/data/731766/000120919119051816/,Failed (429)
4,https://www.sec.gov/Archives/edgar/data/731766/000120919119051807/,Failed (429)
4,https://www.sec.gov/Archives/edgar/data/731766/000120919119051801/,Failed (429)
8-K,https://www.sec.gov/Archives/edgar/data/731766/000073176619000031/,Failed (429)
4,https://www.sec.gov/Archives/edgar/data/731766/000120919119051813/,Failed (429)
4,https://www.sec.gov/Archives/edgar/data/731766/000120919119051798/,Failed (429)
4,https://www.sec.gov/Archives/edgar/data/731766/000120919119051805/,Failed (429)
8-K,https://www.sec.gov/Archives/edgar/data/731766/000073176619000029/,Failed (429)
4,https://www.sec.gov/Archives/edgar/data/731766/000120919119051809/,Failed (429)
4,https://www.sec.gov/Archives/edgar/data/731766/000120919119050917/,Failed (429)
4,https://www.sec.gov/Archives/edgar/data/731766/000120919119051795/,Failed (429)
4,https://www.sec.gov/Archives/edgar/data/731766/000120919119050907/,Failed (429)
4,https://www.sec.gov/Archives/edgar/data/731766/000120919119050909/,Failed (429)
4,https://www.sec.gov/Archives/edgar/data/731766/000120919119050903/,Failed (429)
4,https://www.sec.gov/Archives/edgar/data/731766/000120919119050901/,Failed (429)
4,https://www.sec.gov/Archives/edgar/data/731766/000120919119050902/,Failed (429)
4,https://www.sec.gov/Archives/edgar/data/731766/000120919119050900/,Failed (429)
4,https://www.sec.gov/Archives/edgar/data/731766/000120919119050899/,Failed (429)
4,https://www.sec.gov/Archives/edgar/data/731766/000120919119050898/,Failed (429)
4,https://www.sec.gov/Archives/edgar/data/731766/000120919119050897/,Failed (429)
4,https://www.sec.gov/Archives/edgar/data/731766/000120919119050896/,Failed (429)
4,https://www.sec.gov/Archives/edgar/data/731766/000120919119050895/,Failed (429)
4,https://www.sec.gov/Archives/edgar/data/731766/000120919119050893/,Failed (429)
4,https://www.sec.gov/Archives/edgar/data/731766/000120919119050894/,Failed (429)
4,https://www.sec.gov/Archives/edgar/data/731766/000120919119050891/,Failed (429)
4,https://www.sec.gov/Archives/edgar/data/731766/000120919119050454/,Failed (429)
4,https://www.sec.gov/Archives/edgar/data/731766/000120919119050892/,Failed (429)
4,https://www.sec.gov/Archives/edgar/data/731766/000120919119047422/,Failed (429)
4,https://www.sec.gov/Archives/edgar/data/731766/000120919119050244/,Failed (429)
4,https://www.sec.gov/Archives/edgar/data/731766/000120919119047720/,Failed (429)
8-K,https://www.sec.gov/Archives/edgar/data/731766/000073176619000027/,Failed (429)
4,https://www.sec.gov/Archives/edgar/data/731766/000120919119046318/,Failed (429)
4,https://www.sec.gov/Archives/edgar/data/731766/000120919119045509/,Failed (429)
4,https://www.sec.gov/Archives/edgar/data/731766/000120919119050890/,Failed (429)
4,https://www.sec.gov/Archives/edgar/data/731766/000120919119043068/,Failed (429)
8-K,https://www.sec.gov/Archives/edgar/data/731766/000119312519202542/,Failed (429)
8-K,https://www.sec.gov/Archives/edgar/data/731766/000073176619000023/,Failed (429)
4,https://www.sec.gov/Archives/edgar/data/731766/000120919119041081/,Failed (429)
4,https://www.sec.gov/Archives/edgar/data/731766/000120919119041080/,Failed (429)
4,https://www.sec.gov/Archives/edgar/data/731766/000120919119041079/,Failed (429)
4,https://www.sec.gov/Archives/edgar/data/731766/000120919119041077/,Failed (429)
4,https://www.sec.gov/Archives/edgar/data/731766/000120919119041075/,Failed (429)
3,https://www.sec.gov/Archives/edgar/data/731766/000120919119041410/,Failed (429)
4,https://www.sec.gov/Archives/edgar/data/731766/000120919119041073/,Failed (429)
4,https://www.sec.gov/Archives/edgar/data/731766/000120919119041067/,Failed (429)
4,https://www.sec.gov/Archives/edgar/data/731766/000120919119041064/,Failed (429)
4,https://www.sec.gov/Archives/edgar/data/731766/000120919119041069/,Failed (429)
4,https://www.sec.gov/Archives/edgar/data/731766/000120919119039338/,Failed (429)
8-K,https://www.sec.gov/Archives/edgar/data/731766/000073176619000021/,Failed (429)
4,https://www.sec.gov/Archives/edgar/data/731766/000120919119039334/,Failed (429)
4,https://www.sec.gov/Archives/edgar/data/731766/000120919119039332/,Failed (429)
4,https://www.sec.gov/Archives/edgar/data/731766/000120919119039335/,Failed (429)
4,https://www.sec.gov/Archives/edgar/data/731766/000120919119039337/,Failed (429)
4,https://www.sec.gov/Archives/edgar/data/731766/000120919119039330/,Failed (429)
4,https://www.sec.gov/Archives/edgar/data/731766/000120919119039327/,Failed (429)
4,https://www.sec.gov/Archives/edgar/data/731766/000120919119039333/,Failed (429)
4,https://www.sec.gov/Archives/edgar/data/731766/000120919119039326/,Failed (429)
4,https://www.sec.gov/Archives/edgar/data/731766/000120919119039320/,Failed (429)
4,https://www.sec.gov/Archives/edgar/data/731766/000120919119039317/,Failed (429)
4,https://www.sec.gov/Archives/edgar/data/731766/000120919119039325/,Failed (429)
4,https://www.sec.gov/Archives/edgar/data/731766/000120919119039318/,Failed (429)
4,https://www.sec.gov/Archives/edgar/data/731766/000120919119039315/,Failed (429)
4,https://www.sec.gov/Archives/edgar/data/731766/000120919119039314/,Failed (429)
4,https://www.sec.gov/Archives/edgar/data/731766/000120919119035890/,Failed (429)
4,https://www.sec.gov/Archives/edgar/data/731766/000120919119039311/,Failed (429)
4,https://www.sec.gov/Archives/edgar/data/731766/000120919119036404/,Failed (429)
4,https://www.sec.gov/Archives/edgar/data/731766/000120919119039312/,Failed (429)
4,https://www.sec.gov/Archives/edgar/data/731766/000120919119035048/,Failed (429)
4,https://www.sec.gov/Archives/edgar/data/731766/000120919119033441/,Failed (429)
8-K,https://www.sec.gov/Archives/edgar/data/731766/000073176619000017/,Failed (429)
8-K,https://www.sec.gov/Archives/edgar/data/731766/000073176619000015/,Failed (429)
4,https://www.sec.gov/Archives/edgar/data/731766/000120919119028012/,Failed (429)
4,https://www.sec.gov/Archives/edgar/data/731766/000120919119027605/,Failed (429)
4,https://www.sec.gov/Archives/edgar/data/731766/000120919119026216/,Failed (429)
8-K,https://www.sec.gov/Archives/edgar/data/731766/000073176619000011/,Failed (429)
4,https://www.sec.gov/Archives/edgar/data/731766/000120919119026217/,Failed (429)
4,https://www.sec.gov/Archives/edgar/data/731766/000120919119027375/,Failed (429)
4,https://www.sec.gov/Archives/edgar/data/731766/000120919119022483/,Failed (429)
4,https://www.sec.gov/Archives/edgar/data/731766/000120919119022479/,Failed (429)
4,https://www.sec.gov/Archives/edgar/data/731766/000120919119022477/,Failed (429)
4,https://www.sec.gov/Archives/edgar/data/731766/000120919119022475/,Failed (429)
4,https://www.sec.gov/Archives/edgar/data/731766/000120919119022471/,Failed (429)
4,https://www.sec.gov/Archives/edgar/data/731766/000120919119022468/,Failed (429)
4,https://www.sec.gov/Archives/edgar/data/731766/000120919119022464/,Failed (429)
4,https://www.sec.gov/Archives/edgar/data/731766/000120919119022454/,Failed (429)
4,https://www.sec.gov/Archives/edgar/data/731766/000120919119022457/,Failed (429)
